Bin , nEvents , Efficiencies
50,9,0.00018
100,20,0.0004
150,8,0.00016
200,3,6e-05
250,0,0
300,0,0
350,0,0
400,1,2e-05
500,0,0
600,1,2e-05
