Bin , nEvents , Efficiencies
150,0,0
200,0,0
250,0,0
300,0,0
350,0,0
400,0,0
450,0,0
500,1,4e-05
600,1,4e-05
700,1,4e-05
800,3,0.00012
900,1,4e-05
1000,6,0.00024
1150,5,0.0002
