Bin , nEvents , Efficiencies
150,3,0.00012
200,2,8e-05
250,3,0.00012
300,1,4e-05
350,1,4e-05
400,0,0
450,0,0
500,1,4e-05
550,0,0
650,2,8e-05
