Bin , nEvents , Efficiencies
150,3,0.00012
200,5,0.0002
250,4,0.00016
300,4,0.00016
350,2,8e-05
400,0,0
450,0,0
500,1,4e-05
550,1,4e-05
650,0,0
