Bin , nEvents , Efficiencies
150,9,0.00018
200,4,8e-05
250,6,0.00012
300,1,2e-05
350,3,6e-05
400,2,4e-05
450,0,0
500,1,2e-05
550,0,0
650,1,2e-05
