Bin , nEvents , Efficiencies
150,0,0
200,0,0
250,0,0
300,0,0
350,0,0
400,0,0
450,0,0
500,0,0
600,0,0
700,0,0
800,0,0
900,3,0.00012
1000,4,0.00016
1150,8,0.00032
