Bin , nEvents , Efficiencies
50,5,0.0002
70,2,8e-05
80,0,0
90,1,4e-05
100,0,0
120,1,4e-05
140,3,0.00012
160,1,4e-05
180,1,4e-05
200,4,0.00016
220,3,0.00012
240,0,0
260,2,8e-05
280,5,0.0002
300,4,0.00016
320,3,0.00012
340,1,4e-05
360,3,0.00012
400,5,0.0002
500,6,0.00024
600,3,0.00012
700,6,0.00024
800,36,0.00144
