Bin , nEvents , Efficiencies
150,0,0
200,0,0
250,0,0
300,0,0
350,1,4e-05
400,1,4e-05
450,0,0
500,7,0.00028
600,3,0.00012
700,5,0.0002
800,9,0.00036
900,7,0.00028
1000,3,0.00012
1150,12,0.00048
