Bin , nEvents , Efficiencies
50,3,0.00012
100,4,0.00016
150,2,8e-05
200,0,0
250,0,0
300,2,8e-05
350,1,4e-05
400,1,4e-05
500,1,4e-05
600,0,0
