Bin , nEvents , Efficiencies
150,0,0
200,10,0.0004
250,4,0.00016
300,2,8e-05
350,1,4e-05
400,1,4e-05
450,0,0
500,0,0
550,0,0
650,3,0.00012
