Bin , nEvents , Efficiencies
150,0,0
200,0,0
250,0,0
300,2,4e-05
350,0,0
400,4,8e-05
450,1,2e-05
500,6,0.00012
550,10,0.0002
650,53,0.00106
