Bin , nEvents , Efficiencies
50,3,0.00012
100,7,0.00028
150,1,4e-05
200,5,0.0002
250,1,4e-05
300,0,0
350,0,0
400,1,4e-05
500,0,0
600,0,0
