Bin , nEvents , Efficiencies
150,0,0.0
200,0,0.0
250,0,0.0
300,0,0.0
350,0,0.0
400,0,0.0
450,1,2e-05
500,3,6e-05
600,2,4e-05
700,8,0.00016
800,4,8e-05
900,9,0.00018
1000,24,0.00048
1150,40,0.0008
