Bin , nEvents , Efficiencies
50,1,2e-05
100,3,6e-05
150,2,4e-05
200,3,6e-05
250,2,4e-05
300,4,8e-05
350,0,0.0
400,12,0.00024
500,8,0.00016
600,18,0.00036
