Bin , nEvents , Efficiencies
50,2,8e-05
70,1,4e-05
80,1,4e-05
90,1,4e-05
100,3,0.00012
120,1,4e-05
140,1,4e-05
160,1,4e-05
180,3,0.00012
200,5,0.0002
220,4,0.00016
240,2,8e-05
260,1,4e-05
280,0,0
300,1,4e-05
320,0,0
340,3,0.00012
360,0,0
400,1,4e-05
500,1,4e-05
600,2,8e-05
700,4,0.00016
800,16,0.00064
