Bin , nEvents , Efficiencies
150,0,0
200,0,0
250,0,0
300,2,4e-05
350,2,4e-05
400,5,0.0001
450,5,0.0001
500,4,8e-05
550,13,0.00026
650,71,0.00142
