Bin , nEvents , Efficiencies
50,4,0.00016
100,2,8e-05
150,3,0.00012
200,0,0
250,1,4e-05
300,0,0
350,0,0
400,1,4e-05
500,0,0
600,1,4e-05
