Bin , nEvents , Efficiencies
50,4,8e-05
70,9,0.00018
80,6,0.00012
90,12,0.00024
100,24,0.00048
120,38,0.00076
140,34,0.00068
160,40,0.0008
180,29,0.00058
200,33,0.00066
220,33,0.00066
240,27,0.00054
260,37,0.00074
280,35,0.0007
300,31,0.00062
320,34,0.00068
340,18,0.00036
360,57,0.00114
400,135,0.0027
500,135,0.0027
600,109,0.00218
700,62,0.00124
800,242,0.00484
