Bin , nEvents , Efficiencies
50,0,0
100,1,4e-05
150,1,4e-05
200,3,0.00012
250,3,0.00012
300,4,0.00016
350,2,8e-05
400,2,8e-05
500,1,4e-05
600,4,0.00016
