Bin , nEvents , Efficiencies
50,1,4e-05
70,0,0
80,0,0
90,3,0.00012
100,2,8e-05
120,3,0.00012
140,0,0
160,2,8e-05
180,2,8e-05
200,1,4e-05
220,2,8e-05
240,0,0
260,0,0
280,1,4e-05
300,1,4e-05
320,1,4e-05
340,1,4e-05
360,0,0
400,3,0.00012
500,1,4e-05
600,3,0.00012
700,4,0.00016
800,18,0.00072
