Bin , nEvents , Efficiencies
150,0,0
200,0,0
250,1,2e-05
300,2,4e-05
350,1,2e-05
400,3,6e-05
450,6,0.00012
500,3,6e-05
550,13,0.00026
650,104,0.00208
