Bin , nEvents , Efficiencies
50,8,0.00032
70,0,0
80,1,4e-05
90,1,4e-05
100,2,8e-05
120,6,0.00024
140,1,4e-05
160,1,4e-05
180,1,4e-05
200,0,0
220,2,8e-05
240,1,4e-05
260,2,8e-05
280,1,4e-05
300,2,8e-05
320,1,4e-05
340,3,0.00012
360,1,4e-05
400,8,0.00032
500,9,0.00036
600,1,4e-05
700,0,0
800,32,0.00128
