Bin , nEvents , Efficiencies
50,35,0.0007
70,15,0.0003
80,14,0.00028
90,22,0.00044
100,16,0.00032
120,35,0.0007
140,29,0.00058
160,20,0.0004
180,22,0.00044
200,18,0.00036
220,18,0.00036
240,31,0.00062
260,19,0.00038
280,17,0.00034
300,19,0.00038
320,20,0.0004
340,21,0.00042
360,34,0.00068
400,85,0.0017
500,73,0.00146
600,55,0.0011
700,59,0.00118
800,164,0.00328
