Bin , nEvents , Efficiencies
50,7,0.00028
70,0,0
80,0,0
90,0,0
100,3,0.00012
120,7,0.00028
140,1,4e-05
160,5,0.0002
180,4,0.00016
200,1,4e-05
220,0,0
240,2,8e-05
260,3,0.00012
280,0,0
300,3,0.00012
320,0,0
340,1,4e-05
360,0,0
400,7,0.00028
500,2,8e-05
600,4,0.00016
700,6,0.00024
800,27,0.00108
