Bin , nEvents , Efficiencies
50,0,0
100,2,8e-05
150,1,4e-05
200,0,0
250,1,4e-05
300,1,4e-05
350,0,0
400,2,8e-05
500,4,0.00016
600,11,0.00044
