Bin , nEvents , Efficiencies
150,0,0
200,0,0
250,1,4e-05
300,0,0
350,2,8e-05
400,1,4e-05
450,0,0
500,4,0.00016
550,5,0.0002
650,71,0.00284
