Bin , nEvents , Efficiencies
150,1,2e-05
200,7,0.00014
250,6,0.00012
300,7,0.00014
350,8,0.00016
400,2,4e-05
450,13,0.00026
500,2,4e-05
550,16,0.00032
650,79,0.00158
