Bin , nEvents , Efficiencies
150,3,6e-05
200,6,0.00012
250,7,0.00014
300,4,8e-05
350,0,0
400,1,2e-05
450,0,0
500,0,0
550,0,0
650,2,4e-05
