Bin , nEvents , Efficiencies
50,12,0.00024
100,14,0.00028
150,4,8e-05
200,4,8e-05
250,3,6e-05
300,0,0
350,0,0
400,0,0
500,0,0
600,2,4e-05
