Bin , nEvents , Efficiencies
150,0,0
200,0,0
250,0,0
300,0,0
350,0,0
400,1,2e-05
450,4,8e-05
500,4,8e-05
550,9,0.00018
650,69,0.00138
