Bin , nEvents , Efficiencies
50,0,0
100,5,0.0002
150,4,0.00016
200,2,8e-05
250,0,0
300,2,8e-05
350,0,0
400,3,0.00012
500,2,8e-05
600,9,0.00036
