Bin , nEvents , Efficiencies
150,32,0.00128
200,67,0.00268
250,75,0.003
300,49,0.00196
350,43,0.00172
400,20,0.0008
450,21,0.00084
500,20,0.0008
600,20,0.0008
700,7,0.00028
800,7,0.00028
900,6,0.00024
1000,6,0.00024
1150,4,0.00016
