Bin , nEvents , Efficiencies
50,3,0.00012
70,0,0
80,0,0
90,0,0
100,0,0
120,1,4e-05
140,1,4e-05
160,2,8e-05
180,0,0
200,1,4e-05
220,1,4e-05
240,1,4e-05
260,2,8e-05
280,1,4e-05
300,1,4e-05
320,1,4e-05
340,0,0
360,1,4e-05
400,1,4e-05
500,4,0.00016
600,2,8e-05
700,0,0
800,14,0.00056
