Bin , nEvents , Efficiencies
50,7,0.00014
100,18,0.00036
150,10,0.0002
200,5,0.0001
250,2,4e-05
300,4,8e-05
350,0,0
400,2,4e-05
500,0,0
600,0,0
