Bin , nEvents , Efficiencies
50,7,0.00028
70,11,0.00044
80,25,0.001
90,34,0.00136
100,77,0.00308
120,52,0.00208
140,32,0.00128
160,32,0.00128
180,20,0.0008
200,28,0.00112
220,17,0.00068
240,11,0.00044
260,17,0.00068
280,14,0.00056
300,6,0.00024
320,6,0.00024
340,10,0.0004
360,7,0.00028
400,23,0.00092
500,11,0.00044
600,7,0.00028
700,6,0.00024
800,3,0.00012
