Bin , nEvents , Efficiencies
50,0,0
100,7,0.00014
150,6,0.00012
200,1,2e-05
250,1,2e-05
300,1,2e-05
350,0,0
400,4,8e-05
500,1,2e-05
600,0,0
