Bin , nEvents , Efficiencies
150,5,0.0001
200,6,0.00012
250,6,0.00012
300,1,2e-05
350,2,4e-05
400,2,4e-05
450,0,0
500,0,0
550,0,0
650,1,2e-05
