Bin , nEvents , Efficiencies
50,7,0.00014
100,12,0.00024
150,7,0.00014
200,7,0.00014
250,4,8e-05
300,0,0
350,0,0
400,0,0
500,0,0
600,0,0
