Bin , nEvents , Efficiencies
50,1,4e-05
70,0,0
80,0,0
90,4,0.00016
100,1,4e-05
120,2,8e-05
140,0,0
160,1,4e-05
180,3,0.00012
200,3,0.00012
220,1,4e-05
240,1,4e-05
260,2,8e-05
280,1,4e-05
300,1,4e-05
320,1,4e-05
340,0,0
360,2,8e-05
400,0,0
500,5,0.0002
600,8,0.00032
700,6,0.00024
800,33,0.00132
