Bin , nEvents , Efficiencies
150,0,0
200,3,0.00012
250,3,0.00012
300,2,8e-05
350,3,0.00012
400,1,4e-05
450,0,0
500,0,0
550,2,8e-05
650,3,0.00012
