Bin , nEvents , Efficiencies
50,1,4e-05
100,9,0.00036
150,4,0.00016
200,1,4e-05
250,1,4e-05
300,0,0
350,0,0
400,0,0
500,1,4e-05
600,1,4e-05
