Bin , nEvents , Efficiencies
50,0,0
100,3,0.00012
150,0,0
200,0,0
250,1,4e-05
300,0,0
350,0,0
400,3,0.00012
500,2,8e-05
600,9,0.00036
