Bin , nEvents , Efficiencies
50,4,0.00016
70,0,0
80,1,4e-05
90,1,4e-05
100,5,0.0002
120,3,0.00012
140,0,0
160,2,8e-05
180,2,8e-05
200,2,8e-05
220,1,4e-05
240,1,4e-05
260,1,4e-05
280,2,8e-05
300,0,0
320,2,8e-05
340,1,4e-05
360,1,4e-05
400,6,0.00024
500,1,4e-05
600,2,8e-05
700,0,0
800,26,0.00104
