Bin , nEvents , Efficiencies
150,0,0
200,0,0
250,0,0
300,0,0
350,0,0
400,0,0
450,1,2e-05
500,3,6e-05
600,0,0
700,7,0.00014
800,3,6e-05
900,11,0.00022
1000,21,0.00042
1150,53,0.00106
