Bin , nEvents , Efficiencies
50,2,8e-05
70,0,0
80,2,8e-05
90,3,0.00012
100,1,4e-05
120,2,8e-05
140,2,8e-05
160,1,4e-05
180,1,4e-05
200,1,4e-05
220,0,0
240,0,0
260,1,4e-05
280,0,0
300,1,4e-05
320,3,0.00012
340,0,0
360,2,8e-05
400,2,8e-05
500,4,0.00016
600,1,4e-05
700,4,0.00016
800,19,0.00076
