Bin , nEvents , Efficiencies
50,2,8e-05
70,1,4e-05
80,0,0
90,1,4e-05
100,1,4e-05
120,2,8e-05
140,2,8e-05
160,2,8e-05
180,1,4e-05
200,1,4e-05
220,0,0
240,1,4e-05
260,0,0
280,2,8e-05
300,0,0
320,2,8e-05
340,3,0.00012
360,1,4e-05
400,1,4e-05
500,4,0.00016
600,2,8e-05
700,5,0.0002
800,22,0.00088
