Bin , nEvents , Efficiencies
50,2,8e-05
100,2,8e-05
150,1,4e-05
200,2,8e-05
250,2,8e-05
300,1,4e-05
350,3,0.00012
400,1,4e-05
500,1,4e-05
600,3,0.00012
