Bin , nEvents , Efficiencies
50,1,4e-05
70,1,4e-05
80,1,4e-05
90,1,4e-05
100,0,0
120,1,4e-05
140,2,8e-05
160,5,0.0002
180,1,4e-05
200,2,8e-05
220,0,0
240,3,0.00012
260,0,0
280,0,0
300,0,0
320,3,0.00012
340,0,0
360,0,0
400,5,0.0002
500,4,0.00016
600,3,0.00012
700,4,0.00016
800,21,0.00084
