Bin , nEvents , Efficiencies
50,9,0.00018
70,4,8e-05
80,1,2e-05
90,1,2e-05
100,3,6e-05
120,13,0.00026
140,2,4e-05
160,2,4e-05
180,2,4e-05
200,2,4e-05
220,6,0.00012
240,3,6e-05
260,4,8e-05
280,0,0
300,1,2e-05
320,2,4e-05
340,2,4e-05
360,4,8e-05
400,10,0.0002
500,12,0.00024
600,7,0.00014
700,8,0.00016
800,57,0.00114
