Bin , nEvents , Efficiencies
50,0,0
100,0,0
150,2,4e-05
200,2,4e-05
250,1,2e-05
300,6,0.00012
350,1,2e-05
400,0,0
500,1,2e-05
600,22,0.00044
