bin_HH,nEvents,Efficiencies
150,0,0.0
200,2,4e-05
250,0,0.0
300,8,0.00016
350,6,0.00012
400,7,0.00014
450,12,0.00024
500,35,0.0007
600,49,0.00098
700,50,0.001
800,50,0.001
900,48,0.00096
1000,84,0.00168
1150,139,0.00278
