Bin , nEvents , Efficiencies
150,1,2e-05
200,4,8e-05
250,5,0.0001
300,4,8e-05
350,11,0.00022
400,11,0.00022
450,7,0.00014
500,8,0.00016
550,17,0.00034
650,74,0.00148
