Bin , nEvents , Efficiencies
150,0,0
200,0,0
250,0,0
300,1,2e-05
350,1,2e-05
400,2,4e-05
450,3,6e-05
500,8,0.00016
600,18,0.00036
700,9,0.00018
800,17,0.00034
900,17,0.00034
1000,44,0.00088
1150,85,0.0017
