Bin , nEvents , Efficiencies
50,1,4e-05
100,1,4e-05
150,3,0.00012
200,3,0.00012
250,3,0.00012
300,0,0
350,1,4e-05
400,2,8e-05
500,0,0
600,1,4e-05
