Bin , nEvents , Efficiencies
50,4,0.00016
100,3,0.00012
150,4,0.00016
200,0,0
250,3,0.00012
300,2,8e-05
350,0,0
400,3,0.00012
500,2,8e-05
600,11,0.00044
