Bin , nEvents , Efficiencies
150,0,0
200,0,0
250,0,0
300,0,0
350,0,0
400,2,8e-05
450,2,8e-05
500,2,8e-05
550,6,0.00024
650,79,0.00316
