Bin , nEvents , Efficiencies
50,9,0.00018
100,13,0.00026
150,7,0.00014
200,4,8e-05
250,3,6e-05
300,2,4e-05
350,0,0
400,0,0
500,0,0
600,0,0
