Bin , nEvents , Efficiencies
150,0,0
200,0,0
250,0,0
300,0,0
350,0,0
400,0,0
450,0,0
500,1,2e-05
600,10,0.0002
700,8,0.00016
800,4,8e-05
900,11,0.00022
1000,14,0.00028
1150,44,0.00088
