Bin , nEvents , Efficiencies
50,13,0.00052
70,4,0.00016
80,3,0.00012
90,5,0.0002
100,6,0.00024
120,9,0.00036
140,4,0.00016
160,5,0.0002
180,3,0.00012
200,9,0.00036
220,8,0.00032
240,9,0.00036
260,7,0.00028
280,4,0.00016
300,0,0
320,4,0.00016
340,4,0.00016
360,5,0.0002
400,32,0.00128
500,24,0.00096
600,25,0.001
700,15,0.0006
800,106,0.00424
