Bin , nEvents , Efficiencies
150,0,0
200,0,0
250,0,0
300,0,0
350,0,0
400,0,0
450,1,4e-05
500,1,4e-05
600,1,4e-05
700,1,4e-05
800,4,0.00016
900,4,0.00016
1000,2,8e-05
1150,14,0.00056
