Bin , nEvents , Efficiencies
150,0,0
200,0,0
250,0,0
300,6,0.00012
350,7,0.00014
400,6,0.00012
450,19,0.00038
500,7,0.00014
550,15,0.0003
650,56,0.00112
