Bin , nEvents , Efficiencies
150,0,0
200,0,0
250,0,0
300,0,0
350,0,0
400,0,0
450,0,0
500,1,2e-05
600,6,0.00012
700,4,8e-05
800,4,8e-05
900,8,0.00016
1000,17,0.00034
1150,40,0.0008
