Bin , nEvents , Efficiencies
150,0,0
200,0,0
250,1,4e-05
300,1,4e-05
350,7,0.00028
400,2,8e-05
450,2,8e-05
500,0,0
550,2,8e-05
650,7,0.00028
