Bin , nEvents , Efficiencies
50,9,0.00018
70,1,2e-05
80,2,4e-05
90,1,2e-05
100,8,0.00016
120,2,4e-05
140,6,0.00012
160,4,8e-05
180,6,0.00012
200,6,0.00012
220,4,8e-05
240,1,2e-05
260,4,8e-05
280,4,8e-05
300,3,6e-05
320,3,6e-05
340,4,8e-05
360,9,0.00018
400,16,0.00032
500,13,0.00026
600,20,0.0004
700,14,0.00028
800,121,0.00242
