Bin , nEvents , Efficiencies
150,0,0.0
200,0,0.0
250,1,2e-05
300,0,0.0
350,0,0.0
400,1,2e-05
450,2,4e-05
500,1,2e-05
600,5,0.0001
700,1,2e-05
800,3,6e-05
900,3,6e-05
1000,13,0.00026
1150,26,0.00052
