Bin , nEvents , Efficiencies
150,0,0
200,0,0
250,0,0
300,1,2e-05
350,0,0
400,0,0
450,0,0
500,1,2e-05
550,6,0.00012
650,28,0.00056
