Bin , nEvents , Efficiencies
50,6,0.00012
70,4,8e-05
80,3,6e-05
90,1,2e-05
100,7,0.00014
120,2,4e-05
140,1,2e-05
160,2,4e-05
180,3,6e-05
200,3,6e-05
220,6,0.00012
240,5,0.0001
260,1,2e-05
280,0,0
300,1,2e-05
320,3,6e-05
340,3,6e-05
360,4,8e-05
400,11,0.00022
500,9,0.00018
600,9,0.00018
700,6,0.00012
800,54,0.00108
