Bin , nEvents , Efficiencies
50,4,0.00016
100,3,0.00012
150,1,4e-05
200,1,4e-05
250,0,0
300,0,0
350,0,0
400,0,0
500,0,0
600,0,0
