Bin , nEvents , Efficiencies
150,0,0
200,0,0
250,1,4e-05
300,0,0
350,0,0
400,2,8e-05
450,0,0
500,0,0
550,3,0.00012
650,46,0.00184
