Bin , nEvents , Efficiencies
50,1,4e-05
100,2,8e-05
150,4,0.00016
200,3,0.00012
250,0,0
300,1,4e-05
350,3,0.00012
400,5,0.0002
500,6,0.00024
600,19,0.00076
