Bin , nEvents , Efficiencies
50,4,8e-05
100,0,0
150,2,4e-05
200,0,0
250,1,2e-05
300,0,0
350,0,0
400,6,0.00012
500,0,0
600,16,0.00032
