Bin , nEvents , Efficiencies
150,1,4e-05
200,9,0.00036
250,0,0
300,3,0.00012
350,4,0.00016
400,0,0
450,1,4e-05
500,0,0
550,0,0
650,1,4e-05
