Bin , nEvents , Efficiencies
50,28,2.8e-05
100,44,4.4e-05
150,60,6e-05
200,54,5.4e-05
250,66,6.6e-05
300,74,7.4e-05
350,69,6.9e-05
400,123,0.000123
500,125,0.000125
600,540,0.00054
