Bin , nEvents , Efficiencies
50,2,8e-05
100,3,0.00012
150,0,0
200,1,4e-05
250,0,0
300,3,0.00012
350,0,0
400,1,4e-05
500,2,8e-05
600,8,0.00032
