Bin , nEvents , Efficiencies
50,2,8e-05
70,0,0
80,0,0
90,1,4e-05
100,1,4e-05
120,1,4e-05
140,1,4e-05
160,2,8e-05
180,1,4e-05
200,4,0.00016
220,1,4e-05
240,1,4e-05
260,1,4e-05
280,2,8e-05
300,0,0
320,0,0
340,0,0
360,0,0
400,5,0.0002
500,2,8e-05
600,3,0.00012
700,1,4e-05
800,26,0.00104
