Bin , nEvents , Efficiencies
150,1,2e-05
200,6,0.00012
250,9,0.00018
300,6,0.00012
350,12,0.00024
400,9,0.00018
450,9,0.00018
500,10,0.0002
550,19,0.00038
650,73,0.00146
