Bin , nEvents , Efficiencies
150,2,4e-05
200,7,0.00014
250,7,0.00014
300,2,4e-05
350,6,0.00012
400,3,6e-05
450,0,0.0
500,5,0.0001
550,3,6e-05
650,8,0.00016
