Bin , nEvents , Efficiencies
50,2,8e-05
100,1,4e-05
150,0,0
200,1,4e-05
250,0,0
300,0,0
350,0,0
400,1,4e-05
500,6,0.00024
600,12,0.00048
