Bin , nEvents , Efficiencies
50,16,0.00032
70,3,6e-05
80,7,0.00014
90,9,0.00018
100,9,0.00018
120,13,0.00026
140,5,0.0001
160,10,0.0002
180,9,0.00018
200,9,0.00018
220,6,0.00012
240,9,0.00018
260,13,0.00026
280,7,0.00014
300,11,0.00022
320,7,0.00014
340,5,0.0001
360,20,0.0004
400,30,0.0006
500,35,0.0007
600,47,0.00094
700,34,0.00068
800,226,0.00452
