Bin , nEvents , Efficiencies
150,0,0
200,0,0
250,0,0
300,0,0
350,0,0
400,0,0
450,0,0
500,1,2e-05
600,3,6e-05
700,2,4e-05
800,2,4e-05
900,7,0.00014
1000,15,0.0003
1150,39,0.00078
