Bin , nEvents , Efficiencies
50,1,4e-05
100,3,0.00012
150,4,0.00016
200,3,0.00012
250,2,8e-05
300,0,0
350,0,0
400,0,0
500,2,8e-05
600,13,0.00052
