Bin , nEvents , Efficiencies
150,0,0
200,0,0
250,0,0
300,0,0
350,1,4e-05
400,0,0
450,0,0
500,2,8e-05
600,3,0.00012
700,2,8e-05
800,3,0.00012
900,2,8e-05
1000,5,0.0002
1150,14,0.00056
