Bin , nEvents , Efficiencies
50,2,8e-05
70,2,8e-05
80,1,4e-05
90,0,0
100,0,0
120,3,0.00012
140,1,4e-05
160,0,0
180,2,8e-05
200,0,0
220,2,8e-05
240,0,0
260,2,8e-05
280,1,4e-05
300,1,4e-05
320,1,4e-05
340,0,0
360,4,0.00016
400,3,0.00012
500,2,8e-05
600,4,0.00016
700,8,0.00032
800,22,0.00088
