Bin , nEvents , Efficiencies
150,0,0
200,2,4e-05
250,1,2e-05
300,0,0
350,5,0.0001
400,3,6e-05
450,6,0.00012
500,0,0
550,5,0.0001
650,32,0.00064
