Bin , nEvents , Efficiencies
150,0,0
200,0,0
250,0,0
300,0,0
350,0,0
400,0,0
450,0,0
500,3,0.00012
600,2,8e-05
700,1,4e-05
800,2,8e-05
900,3,0.00012
1000,8,0.00032
1150,10,0.0004
