Bin , nEvents , Efficiencies
150,0,0
200,0,0
250,0,0
300,0,0
350,0,0
400,0,0
450,2,8e-05
500,0,0
600,0,0
700,3,0.00012
800,0,0
900,8,0.00032
1000,6,0.00024
1150,15,0.0006
