Bin , nEvents , Efficiencies
50,11,0.00022
100,8,0.00016
150,10,0.0002
200,4,8e-05
250,2,4e-05
300,2,4e-05
350,2,4e-05
400,0,0
500,0,0
600,0,0
