Bin , nEvents , Efficiencies
50,2,8e-05
70,0,0
80,1,4e-05
90,1,4e-05
100,2,8e-05
120,1,4e-05
140,1,4e-05
160,2,8e-05
180,0,0
200,1,4e-05
220,1,4e-05
240,1,4e-05
260,1,4e-05
280,1,4e-05
300,1,4e-05
320,0,0
340,0,0
360,2,8e-05
400,7,0.00028
500,5,0.0002
600,8,0.00032
700,3,0.00012
800,36,0.00144
