Bin , nEvents , Efficiencies
50,3,0.00012
100,1,4e-05
150,4,0.00016
200,0,0
250,2,8e-05
300,5,0.0002
350,0,0
400,2,8e-05
500,0,0
600,14,0.00056
