Bin , nEvents , Efficiencies
50,2,8e-05
70,1,4e-05
80,0,0
90,0,0
100,2,8e-05
120,1,4e-05
140,1,4e-05
160,2,8e-05
180,6,0.00024
200,3,0.00012
220,0,0
240,4,0.00016
260,2,8e-05
280,1,4e-05
300,1,4e-05
320,1,4e-05
340,0,0
360,5,0.0002
400,5,0.0002
500,6,0.00024
600,2,8e-05
700,2,8e-05
800,22,0.00088
