Bin , nEvents , Efficiencies
50,1,2e-05
100,3,6e-05
150,2,4e-05
200,3,6e-05
250,3,6e-05
300,4,8e-05
350,1,2e-05
400,10,0.0002
500,6,0.00012
600,33,0.00066
