Bin , nEvents , Efficiencies
50,3,0.00012
70,0,0
80,0,0
90,0,0
100,2,8e-05
120,3,0.00012
140,1,4e-05
160,1,4e-05
180,2,8e-05
200,3,0.00012
220,1,4e-05
240,1,4e-05
260,1,4e-05
280,1,4e-05
300,0,0
320,1,4e-05
340,2,8e-05
360,3,0.00012
400,4,0.00016
500,8,0.00032
600,3,0.00012
700,6,0.00024
800,21,0.00084
