Bin , nEvents , Efficiencies
50,4,0.00016
100,0,0
150,2,8e-05
200,1,4e-05
250,0,0
300,0,0
350,0,0
400,0,0
500,3,0.00012
600,14,0.00056
