Bin , nEvents , Efficiencies
150,0,0
200,0,0
250,0,0
300,0,0
350,0,0
400,0,0
450,0,0
500,2,4e-05
600,2,4e-05
700,5,0.0001
800,5,0.0001
900,6,0.00012
1000,15,0.0003
1150,42,0.00084
