Bin , nEvents , Efficiencies
50,0,0
100,0,0
150,3,6e-05
200,1,2e-05
250,0,0
300,1,2e-05
350,1,2e-05
400,7,0.00014
500,0,0
600,8,0.00016
