Bin , nEvents , Efficiencies
50,1,4e-05
100,8,0.00032
150,4,0.00016
200,0,0
250,1,4e-05
300,1,4e-05
350,0,0
400,3,0.00012
500,1,4e-05
600,0,0
