Bin , nEvents , Efficiencies
50,2,8e-05
100,0,0
150,4,0.00016
200,4,0.00016
250,0,0
300,0,0
350,0,0
400,0,0
500,0,0
600,8,0.00032
