Bin , nEvents , Efficiencies
50,1,4e-05
70,1,4e-05
80,1,4e-05
90,0,0
100,4,0.00016
120,1,4e-05
140,1,4e-05
160,1,4e-05
180,3,0.00012
200,2,8e-05
220,1,4e-05
240,0,0
260,0,0
280,1,4e-05
300,1,4e-05
320,0,0
340,4,0.00016
360,2,8e-05
400,2,8e-05
500,10,0.0004
600,5,0.0002
700,6,0.00024
800,23,0.00092
