Bin , nEvents , Efficiencies
50,3,0.00012
70,1,4e-05
80,0,0
90,1,4e-05
100,2,8e-05
120,1,4e-05
140,2,8e-05
160,1,4e-05
180,1,4e-05
200,2,8e-05
220,3,0.00012
240,2,8e-05
260,0,0
280,2,8e-05
300,1,4e-05
320,2,8e-05
340,1,4e-05
360,1,4e-05
400,2,8e-05
500,4,0.00016
600,2,8e-05
700,2,8e-05
800,19,0.00076
