Bin , nEvents , Efficiencies
50,10,0.0002
70,0,0
80,5,0.0001
90,7,0.00014
100,7,0.00014
120,9,0.00018
140,12,0.00024
160,13,0.00026
180,13,0.00026
200,14,0.00028
220,7,0.00014
240,12,0.00024
260,7,0.00014
280,19,0.00038
300,15,0.0003
320,15,0.0003
340,8,0.00016
360,24,0.00048
400,64,0.00128
500,56,0.00112
600,70,0.0014
700,60,0.0012
800,262,0.00524
