Bin , nEvents , Efficiencies
150,2,8e-05
200,3,0.00012
250,5,0.0002
300,1,4e-05
350,2,8e-05
400,0,0
450,1,4e-05
500,1,4e-05
550,1,4e-05
650,3,0.00012
