Bin , nEvents , Efficiencies
50,1,4e-05
100,2,8e-05
150,6,0.00024
200,1,4e-05
250,4,0.00016
300,1,4e-05
350,0,0
400,0,0
500,0,0
600,2,8e-05
