Bin , nEvents , Efficiencies
150,0,0
200,0,0
250,0,0
300,0,0
350,0,0
400,0,0
450,0,0
500,0,0
600,0,0
700,0,0
800,1,4e-05
900,4,0.00016
1000,6,0.00024
1150,19,0.00076
