Bin , nEvents , Efficiencies
150,3,0.00012
200,4,0.00016
250,7,0.00028
300,1,4e-05
350,1,4e-05
400,0,0
450,0,0
500,0,0
550,1,4e-05
650,0,0
