Bin , nEvents , Efficiencies
150,0,0
200,0,0
250,0,0
300,1,2e-05
350,3,6e-05
400,2,4e-05
450,3,6e-05
500,4,8e-05
550,8,0.00016
650,99,0.00198
