Bin , nEvents , Efficiencies
50,5,0.0002
70,3,0.00012
80,1,4e-05
90,1,4e-05
100,3,0.00012
120,0,0
140,1,4e-05
160,2,8e-05
180,2,8e-05
200,1,4e-05
220,1,4e-05
240,3,0.00012
260,0,0
280,0,0
300,3,0.00012
320,1,4e-05
340,0,0
360,4,0.00016
400,6,0.00024
500,4,0.00016
600,4,0.00016
700,5,0.0002
800,23,0.00092
