Bin , nEvents , Efficiencies
50,9,0.00018
100,14,0.00028
150,11,0.00022
200,6,0.00012
250,0,0
300,0,0
350,0,0
400,1,2e-05
500,0,0
600,1,2e-05
