Bin , nEvents , Efficiencies
50,3,0.00012
100,1,4e-05
150,1,4e-05
200,2,8e-05
250,1,4e-05
300,2,8e-05
350,4,0.00016
400,2,8e-05
500,1,4e-05
600,12,0.00048
