Bin , nEvents , Efficiencies
150,0,0
200,0,0
250,0,0
300,0,0
350,0,0
400,1,4e-05
450,0,0
500,1,4e-05
600,1,4e-05
700,1,4e-05
800,1,4e-05
900,5,0.0002
1000,4,0.00016
1150,11,0.00044
