Bin , nEvents , Efficiencies
150,0,0
200,0,0
250,0,0
300,0,0
350,0,0
400,1,2e-05
450,0,0
500,1,2e-05
600,3,6e-05
700,2,4e-05
800,5,0.0001
900,2,4e-05
1000,6,0.00012
1150,31,0.00062
