Bin , nEvents , Efficiencies
50,2,8e-05
70,0,0
80,0,0
90,0,0
100,7,0.00028
120,2,8e-05
140,2,8e-05
160,1,4e-05
180,1,4e-05
200,1,4e-05
220,0,0
240,2,8e-05
260,0,0
280,2,8e-05
300,1,4e-05
320,2,8e-05
340,3,0.00012
360,1,4e-05
400,0,0
500,3,0.00012
600,3,0.00012
700,2,8e-05
800,13,0.00052
