Bin , nEvents , Efficiencies
150,0,0
200,0,0
250,0,0
300,0,0
350,0,0
400,1,2e-05
450,1,2e-05
500,4,8e-05
600,5,0.0001
700,9,0.00018
800,6,0.00012
900,9,0.00018
1000,18,0.00036
1150,33,0.00066
