Bin , nEvents , Efficiencies
50,4,0.00016
70,4,0.00016
80,2,8e-05
90,0,0
100,1,4e-05
120,1,4e-05
140,1,4e-05
160,1,4e-05
180,2,8e-05
200,1,4e-05
220,1,4e-05
240,1,4e-05
260,1,4e-05
280,1,4e-05
300,2,8e-05
320,0,0
340,4,0.00016
360,0,0
400,1,4e-05
500,3,0.00012
600,3,0.00012
700,1,4e-05
800,21,0.00084
