Bin , nEvents , Efficiencies
150,3,0.00012
200,4,0.00016
250,2,8e-05
300,0,0
350,0,0
400,0,0
450,1,4e-05
500,0,0
550,0,0
650,1,4e-05
