Bin , nEvents , Efficiencies
150,0,0
200,0,0
250,0,0
300,0,0
350,0,0
400,0,0
450,0,0
500,0,0
600,0,0
700,1,4.00016e-05
800,2,8.00032e-05
900,0,0
1000,4,0.000160006
1150,10,0.000400016
