Bin , nEvents , Efficiencies
150,1,4e-05
200,3,0.00012
250,5,0.0002
300,6,0.00024
350,8,0.00032
400,6,0.00024
450,2,8e-05
500,2,8e-05
550,6,0.00024
650,16,0.00064
