Bin , nEvents , Efficiencies
150,0,0
200,2,4e-05
250,4,8e-05
300,3,6e-05
350,2,4e-05
400,3,6e-05
450,7,0.00014
500,4,8e-05
550,9,0.00018
650,32,0.00064
