Bin , nEvents , Efficiencies
50,7,0.00014
100,12,0.00024
150,7,0.00014
200,9,0.00018
250,1,2e-05
300,1,2e-05
350,0,0
400,1,2e-05
500,0,0
600,0,0
