Bin , nEvents , Efficiencies
50,3,0.00012
100,9,0.00036
150,0,0
200,1,4e-05
250,0,0
300,0,0
350,0,0
400,0,0
500,0,0
600,2,8e-05
