Bin , nEvents , Efficiencies
150,6,0.00012
200,4,8e-05
250,3,6e-05
300,3,6e-05
350,7,0.00014
400,1,2e-05
450,2,4e-05
500,1,2e-05
550,2,4e-05
650,1,2e-05
