Bin , nEvents , Efficiencies
50,0,0
100,4,8e-05
150,0,0
200,3,6e-05
250,6,0.00012
300,6,0.00012
350,0,0
400,6,0.00012
500,2,4e-05
600,5,0.0001
