Bin , nEvents , Efficiencies
50,5,0.0002
70,1,4e-05
80,3,0.00012
90,0,0
100,3,0.00012
120,2,8e-05
140,0,0
160,4,0.00016
180,2,8e-05
200,2,8e-05
220,3,0.00012
240,2,8e-05
260,2,8e-05
280,1,4e-05
300,1,4e-05
320,1,4e-05
340,1,4e-05
360,2,8e-05
400,7,0.00028
500,2,8e-05
600,4,0.00016
700,6,0.00024
800,30,0.0012
