Bin , nEvents , Efficiencies
150,42,0.00168
200,67,0.00268
250,49,0.00196
300,32,0.00128
350,17,0.00068
400,14,0.00056
450,16,0.00064
500,10,0.0004
600,3,0.00012
700,6,0.00024
800,3,0.00012
900,4,0.00016
1000,1,4e-05
1150,2,8e-05
