Bin , nEvents , Efficiencies
150,0,0
200,0,0
250,0,0
300,0,0
350,0,0
400,0,0
450,0,0
500,0,0
600,2,8e-05
700,2,8e-05
800,4,0.00016
900,3,0.00012
1000,1,4e-05
1150,14,0.00056
